

insert into course(name,description,create_Date,modify_Date,location,date,dead_Line,max_Number,image) values ('Tangó','Lorem  faucibus orci luctus et ultrices posuere cubilia Curae; In ac dui quis mi consecte Írjunk még valamit hogy biztosan megjelenjen az a harom pontocska lalalal faldklsiek jiejielsjiel jdkielsiegjk',CURRENT_TIMESTAMP(),null,'Mezga Aladar utca 78.','Hétfő 10-12',CURRENT_TIMESTAMP(),20,'http://fitnesslife.hu/wp-content/uploads/2017/05/danc.jpg')
insert into course(name,description,create_Date,modify_Date,location,date,dead_Line,max_Number,image) values ('Rumba','Egy Kettő Három négy',CURRENT_TIMESTAMP(),null,'Rózsa utca 42. ','Hétfő 10-12',CURRENT_TIMESTAMP(),20,'https://static.wmn.hu/picture/33383/normal/24/00024767.jpeg')
insert into course(name,description,create_Date,modify_Date,location,date,dead_Line,max_Number,image) values ('Samba','Tánc tánc tánc tánc tánc tánc',CURRENT_TIMESTAMP(),null,'aladár utca 89.','Hétfő 10-12',CURRENT_TIMESTAMP(),20,'https://minta-tanc.eoldal.hu/img/picture/1/dance.jpg')
insert into course(name,description,create_Date,modify_Date,location,date,dead_Line,max_Number,image) values ('Salsa','Hej az nem is egy tánc',CURRENT_TIMESTAMP(),null,'mert az egy kaja','Hétfő 10-12',CURRENT_TIMESTAMP(),20,'https://kozepsuli.hu/wp-content/uploads/2016/08/pesti-tanc-avagy-ki-lesz-a-pesti-parkett-ordoge-original-39845.jpg')
insert into course(name,description,create_Date,modify_Date,location,date,dead_Line,max_Number,image) values ('Keringő','valami valami',CURRENT_TIMESTAMP(),null,'Bécs utca 58.','Hétfő 10-12',CURRENT_TIMESTAMP(),20,'https://static.wmn.hu/picture/33383/normal/24/00024767.jpeg')
insert into course(name,description,create_Date,modify_Date,location,date,dead_Line,max_Number,image) values ('Swing','jjieikdkkigejikdlsiejkld',CURRENT_TIMESTAMP(),null,'Blaha Lujza tér metró állomás','Hétfő 10-12',CURRENT_TIMESTAMP(),20,'https://minta-tanc.eoldal.hu/img/picture/1/dance.jpg')
insert into course(name,description,create_Date,modify_Date,location,date,dead_Line,max_Number,image) values ('Sárközi','nos ez felér egy kellemes lábnappal',CURRENT_TIMESTAMP(),null,'gyutacs utca 10.','Hétfő 10-12',CURRENT_TIMESTAMP(),20,'https://kozepsuli.hu/wp-content/uploads/2016/08/pesti-tanc-avagy-ki-lesz-a-pesti-parkett-ordoge-original-39845.jpg')
insert into course(name,description,create_Date,modify_Date,location,date,dead_Line,max_Number,image) values ('Szatmári','ez nem csak a lábadat öli meg',CURRENT_TIMESTAMP(),null,'gyutacs utca 10.','Hétfő 10-12',CURRENT_TIMESTAMP(),20,'https://minta-tanc.eoldal.hu/img/picture/1/dance.jpg')
insert into course(name,description,create_Date,modify_Date,location,date,dead_Line,max_Number,image) values ('Széki lassú','na ebben pihenhetsz',CURRENT_TIMESTAMP(),null,'gyutacs utca 10.','Hétfő 10-12',CURRENT_TIMESTAMP(),20,'https://static.wmn.hu/picture/33383/normal/24/00024767.jpeg')
insert into course(name,description,create_Date,modify_Date,location,date,dead_Line,max_Number,image) values ('Öltánc','kdlsjielklciskeifejso',CURRENT_TIMESTAMP(),null,'valahol ott a feneketlen tó mellett','Hétfő 10-12',CURRENT_TIMESTAMP(),20,'https://kozepsuli.hu/wp-content/uploads/2016/08/pesti-tanc-avagy-ki-lesz-a-pesti-parkett-ordoge-original-39845.jpg')
insert into course(name,description,create_Date,modify_Date,location,date,dead_Line,max_Number,image) values ('Limbó','mert miért ne',CURRENT_TIMESTAMP(),null,'kfjklejil','Hétfő 10-12',CURRENT_TIMESTAMP(),20,'https://minta-tanc.eoldal.hu/img/picture/1/dance.jpg')
insert into course(name,description,create_Date,modify_Date,location,date,dead_Line,max_Number,image) values ('Falu széli Hejderutty nyugatbalatoni dialektusban','igen pont olyan menő mint amilyennek hangzik',CURRENT_TIMESTAMP(),null,'minden esküvőn és utcabálon','Hétfő 10-12',CURRENT_TIMESTAMP(),20,'https://kozepsuli.hu/wp-content/uploads/2016/08/pesti-tanc-avagy-ki-lesz-a-pesti-parkett-ordoge-original-39845.jpg')
insert into course(name,description,create_Date,modify_Date,location,date,dead_Line,max_Number,image) values ('Csárdás','egyet jobbra egyet balra',CURRENT_TIMESTAMP(),null,'csuhajja','Hétfő 10-12',CURRENT_TIMESTAMP(),20,'https://static.wmn.hu/picture/33383/normal/24/00024767.jpeg')
insert into course(name,description,create_Date,modify_Date,location,date,dead_Line,max_Number,image) values ('Zorba','áh úgy sem tudja senki csak fussunk körbe',CURRENT_TIMESTAMP(),null,'kdowik','Hétfő 10-12',CURRENT_TIMESTAMP(),20,'https://kozepsuli.hu/wp-content/uploads/2016/08/pesti-tanc-avagy-ki-lesz-a-pesti-parkett-ordoge-original-39845.jpg')
insert into course(name,description,create_Date,modify_Date,location,date,dead_Line,max_Number,image) values ('Rózsabimbó','asdasd',CURRENT_TIMESTAMP(),null,'asdasdasd','Hétfő 10-12',CURRENT_TIMESTAMP(),20,'https://static.wmn.hu/picture/33383/normal/24/00024767.jpeg')

insert into user(email,password,enabled,role,avatar,name) values ('asd.asd.com','$2a$10$c/.qCnqvl7plMmDpIkn.tuT9BaNvEwdifDvK0naj.unS3FNL0d5.a',true,'ROLE_ADMIN','https://pix6.agoda.net/geo/city/18910/1_18910_02.jpg?s=1920x822','Admin')
insert into user(email,password,enabled,role,avatar,name) values ('tanar.tanar.com','$2a$10$c/.qCnqvl7plMmDpIkn.tuT9BaNvEwdifDvK0naj.unS3FNL0d5.a',true,'ROLE_TEACHER','https://ocdn.eu/pulscms-transforms/1/VitktkqTURBXy8yMjU4ZDIwMzYwMDRkMmJjODg2ZWNmN2FkOGFkMWM4MC5qcGVnkpUDAEzNCEXNBKaTBc0DIM0Bwg','Tanar')
insert into user(email,password,enabled,role,avatar,name) values ('felh.felh.com','$2a$10$c/.qCnqvl7plMmDpIkn.tuT9BaNvEwdifDvK0naj.unS3FNL0d5.a',true,'ROLE_USER','https://www.madmonkeyhostels.com/wp-content/uploads/2018/03/Kep-Sailing-Club-Pier-copy-2.jpg','Tancos1')
insert into user(email,password,enabled,role,avatar,name) values ('tanc.tanc.com','$2a$10$c/.qCnqvl7plMmDpIkn.tuT9BaNvEwdifDvK0naj.unS3FNL0d5.a',true,'ROLE_USER','https://www.thewrap.com/wp-content/uploads/2016/04/Avatar.jpg','Tancos2')
insert into user(email,password,enabled,role,avatar,name) values ('tancen.tancen.com','$2a$10$c/.qCnqvl7plMmDpIkn.tuT9BaNvEwdifDvK0naj.unS3FNL0d5.a',true,'ROLE_USER','http://www.gamechannel.hu/pictures/hirblock/avatarjatekon-dolgoznak-a-the-division-fejlesztoi_1.jpg','Tancos3')

insert into applicants_to_course (visited_courses_id,applicants_email) values (1,'asd.asd.com')
insert into applicants_to_course (visited_courses_id,applicants_email) values (1,'felh.felh.com')
insert into applicants_to_course (visited_courses_id,applicants_email) values (1,'tanc.tanc.com')
insert into applicants_to_course (visited_courses_id,applicants_email) values (1,'tancen.tancen.com')
insert into applicants_to_course (visited_courses_id,applicants_email) values (3,'felh.felh.com')
insert into applicants_to_course (visited_courses_id,applicants_email) values (3,'tanc.tanc.com')
insert into applicants_to_course (visited_courses_id,applicants_email) values (3,'tancen.tancen.com')
insert into applicants_to_course (visited_courses_id,applicants_email) values (2,'asd.asd.com')
insert into applicants_to_course (visited_courses_id,applicants_email) values (2,'felh.felh.com')
insert into applicants_to_course (visited_courses_id,applicants_email) values (2,'tanc.tanc.com')
insert into applicants_to_course (visited_courses_id,applicants_email) values (2,'tancen.tancen.com')
insert into applicants_to_course (visited_courses_id,applicants_email) values (2,'felh.felh.com')
insert into applicants_to_course (visited_courses_id,applicants_email) values (2,'tanc.tanc.com')
insert into applicants_to_course (visited_courses_id,applicants_email) values (2,'tancen.tancen.com')
insert into applicants_to_course (visited_courses_id,applicants_email) values (4,'asd.asd.com')
insert into applicants_to_course (visited_courses_id,applicants_email) values (4,'felh.felh.com')
insert into applicants_to_course (visited_courses_id,applicants_email) values (4,'tanc.tanc.com')
insert into applicants_to_course (visited_courses_id,applicants_email) values (5,'tancen.tancen.com')
insert into applicants_to_course (visited_courses_id,applicants_email) values (5,'felh.felh.com')
insert into applicants_to_course (visited_courses_id,applicants_email) values (6,'tanc.tanc.com')
insert into applicants_to_course (visited_courses_id,applicants_email) values (6,'tancen.tancen.com')
insert into applicants_to_course (visited_courses_id,applicants_email) values (7,'asd.asd.com')
insert into applicants_to_course (visited_courses_id,applicants_email) values (8,'felh.felh.com')
insert into applicants_to_course (visited_courses_id,applicants_email) values (8,'tanc.tanc.com')
insert into applicants_to_course (visited_courses_id,applicants_email) values (9,'tancen.tancen.com')
insert into applicants_to_course (visited_courses_id,applicants_email) values (9,'felh.felh.com')
insert into applicants_to_course (visited_courses_id,applicants_email) values (10,'tanc.tanc.com')
insert into applicants_to_course (visited_courses_id,applicants_email) values (11,'tancen.tancen.com')


insert into teachers_to_course (teached_courses_id,teachers_email) values (1,'asd.asd.com')
insert into teachers_to_course (teached_courses_id,teachers_email) values (2,'asd.asd.com')
insert into teachers_to_course (teached_courses_id,teachers_email) values (3,'asd.asd.com')
insert into teachers_to_course (teached_courses_id,teachers_email) values (4,'asd.asd.com')
insert into teachers_to_course (teached_courses_id,teachers_email) values (5,'asd.asd.com')
insert into teachers_to_course (teached_courses_id,teachers_email) values (6,'asd.asd.com')
insert into teachers_to_course (teached_courses_id,teachers_email) values (7,'asd.asd.com')
insert into teachers_to_course (teached_courses_id,teachers_email) values (8,'asd.asd.com')
insert into teachers_to_course (teached_courses_id,teachers_email) values (9,'asd.asd.com')
insert into teachers_to_course (teached_courses_id,teachers_email) values (10,'asd.asd.com')
insert into teachers_to_course (teached_courses_id,teachers_email) values (11,'asd.asd.com')
insert into teachers_to_course (teached_courses_id,teachers_email) values (12,'asd.asd.com')
insert into teachers_to_course (teached_courses_id,teachers_email) values (13,'asd.asd.com')
insert into teachers_to_course (teached_courses_id,teachers_email) values (14,'asd.asd.com')
insert into teachers_to_course (teached_courses_id,teachers_email) values (15,'asd.asd.com')