

insert into course(name,description,create_Date,modify_Date,location,date,dead_Line,max_Number,image) values ('Tango','Lorem  faucibus orci luctus et ultrices posuere cubilia Curae; In ac dui quis mi consecte Irjunk meg valamit hogy biztosan megjelenjen az a harom pontocska lalalal faldklsiek jiejielsjiel jdkielsiegjk',CURRENT_TIMESTAMP(),null,'Mezga Aladar utca 78.','Monday 10-12',CURRENT_TIMESTAMP(),20,'http://fitnesslife.hu/wp-content/uploads/2017/05/danc.jpg')
insert into course(name,description,create_Date,modify_Date,location,date,dead_Line,max_Number,image) values ('Rumba','Egy Ketto Harom negy',CURRENT_TIMESTAMP(),null,'Rozsa utca 42. ','Monday 10-12',CURRENT_TIMESTAMP(),20,'https://static.wmn.hu/picture/33383/normal/24/00024767.jpeg')
insert into course(name,description,create_Date,modify_Date,location,date,dead_Line,max_Number,image) values ('Samba','asdfghjkl asdfghjkl asdfghjkl',CURRENT_TIMESTAMP(),null,'aladar utca 89.','Monday 10-12',CURRENT_TIMESTAMP(),20,'https://minta-tanc.eoldal.hu/img/picture/1/dance.jpg')
insert into course(name,description,create_Date,modify_Date,location,date,dead_Line,max_Number,image) values ('Salsa','Hej az nem is egy tanc',CURRENT_TIMESTAMP(),null,'mert az egy kaja','Monday 10-12',CURRENT_TIMESTAMP(),20,'https://kozepsuli.hu/wp-content/uploads/2016/08/pesti-tanc-avagy-ki-lesz-a-pesti-parkett-ordoge-original-39845.jpg')
insert into course(name,description,create_Date,modify_Date,location,date,dead_Line,max_Number,image) values ('Keringo','valami valami',CURRENT_TIMESTAMP(),null,'Becs utca 58.','Monday 10-12',CURRENT_TIMESTAMP(),20,'https://static.wmn.hu/picture/33383/normal/24/00024767.jpeg')
insert into course(name,description,create_Date,modify_Date,location,date,dead_Line,max_Number,image) values ('Swing','jjieikdkkigejikdlsiejkld',CURRENT_TIMESTAMP(),null,'Blaha Lujza ter metro allomás','Monday 10-12',CURRENT_TIMESTAMP(),20,'https://minta-tanc.eoldal.hu/img/picture/1/dance.jpg')
insert into course(name,description,create_Date,modify_Date,location,date,dead_Line,max_Number,image) values ('Sarkozi','nos ez feler egy kellemes labnappal',CURRENT_TIMESTAMP(),null,'gyutacs utca 10.','Monday 10-12',CURRENT_TIMESTAMP(),20,'https://kozepsuli.hu/wp-content/uploads/2016/08/pesti-tanc-avagy-ki-lesz-a-pesti-parkett-ordoge-original-39845.jpg')
insert into course(name,description,create_Date,modify_Date,location,date,dead_Line,max_Number,image) values ('Szatmari','ez nem csak a labadat oli meg',CURRENT_TIMESTAMP(),null,'gyutacs utca 10.','Monday 10-12',CURRENT_TIMESTAMP(),20,'https://minta-tanc.eoldal.hu/img/picture/1/dance.jpg')
insert into course(name,description,create_Date,modify_Date,location,date,dead_Line,max_Number,image) values ('Szeki lassu','na ebben pihenhetsz',CURRENT_TIMESTAMP(),null,'gyutacs utca 10.','Monday 10-12',CURRENT_TIMESTAMP(),20,'https://static.wmn.hu/picture/33383/normal/24/00024767.jpeg')
insert into course(name,description,create_Date,modify_Date,location,date,dead_Line,max_Number,image) values ('Oltanc','kdlsjielklciskeifejso',CURRENT_TIMESTAMP(),null,'valahol ott a feneketlen to mellett','Monday 10-12',CURRENT_TIMESTAMP(),20,'https://kozepsuli.hu/wp-content/uploads/2016/08/pesti-tanc-avagy-ki-lesz-a-pesti-parkett-ordoge-original-39845.jpg')
insert into course(name,description,create_Date,modify_Date,location,date,dead_Line,max_Number,image) values ('Limbo','mert miert ne',CURRENT_TIMESTAMP(),null,'kfjklejil','Monday 10-12',CURRENT_TIMESTAMP(),20,'https://minta-tanc.eoldal.hu/img/picture/1/dance.jpg')
insert into course(name,description,create_Date,modify_Date,location,date,dead_Line,max_Number,image) values ('Falu szeli Hejderutty nyugatbalatoni dialektusban','igen pont olyan meno mint amilyennek hangzik',CURRENT_TIMESTAMP(),null,'minden eskuvon es utcabalon','Monday 10-12',CURRENT_TIMESTAMP(),20,'https://kozepsuli.hu/wp-content/uploads/2016/08/pesti-tanc-avagy-ki-lesz-a-pesti-parkett-ordoge-original-39845.jpg')
insert into course(name,description,create_Date,modify_Date,location,date,dead_Line,max_Number,image) values ('Csardas','egyet jobbra egyet balra',CURRENT_TIMESTAMP(),null,'csuhajja','Monday 10-12',CURRENT_TIMESTAMP(),20,'https://static.wmn.hu/picture/33383/normal/24/00024767.jpeg')
insert into course(name,description,create_Date,modify_Date,location,date,dead_Line,max_Number,image) values ('Zorba','ah ugy sem tudja senki csak fussunk korbe',CURRENT_TIMESTAMP(),null,'kdowik','Monday 10-12',CURRENT_TIMESTAMP(),20,'https://kozepsuli.hu/wp-content/uploads/2016/08/pesti-tanc-avagy-ki-lesz-a-pesti-parkett-ordoge-original-39845.jpg')
insert into course(name,description,create_Date,modify_Date,location,date,dead_Line,max_Number,image) values ('Rozsabimbo','asdasd',CURRENT_TIMESTAMP(),null,'asdasdasd','Monday 10-12',CURRENT_TIMESTAMP(),20,'https://static.wmn.hu/picture/33383/normal/24/00024767.jpeg')

insert into user(email,password,enabled,role,avatar,name) values ('asd.asd.com','$2a$10$c/.qCnqvl7plMmDpIkn.tuT9BaNvEwdifDvK0naj.unS3FNL0d5.a',true,'ROLE_ADMIN','https://pix6.agoda.net/geo/city/18910/1_18910_02.jpg?s=1920x822','Admin')
insert into user(email,password,enabled,role,avatar,name) values ('tanar.tanar.com','$2a$10$c/.qCnqvl7plMmDpIkn.tuT9BaNvEwdifDvK0naj.unS3FNL0d5.a',true,'ROLE_TEACHER','https://ocdn.eu/pulscms-transforms/1/VitktkqTURBXy8yMjU4ZDIwMzYwMDRkMmJjODg2ZWNmN2FkOGFkMWM4MC5qcGVnkpUDAEzNCEXNBKaTBc0DIM0Bwg','Tanar')
insert into user(email,password,enabled,role,avatar,name) values ('felh.felh.com','$2a$10$c/.qCnqvl7plMmDpIkn.tuT9BaNvEwdifDvK0naj.unS3FNL0d5.a',true,'ROLE_USER','https://www.madmonkeyhostels.com/wp-content/uploads/2018/03/Kep-Sailing-Club-Pier-copy-2.jpg','Tancos1')
insert into user(email,password,enabled,role,avatar,name) values ('tanc.tanc.com','$2a$10$c/.qCnqvl7plMmDpIkn.tuT9BaNvEwdifDvK0naj.unS3FNL0d5.a',true,'ROLE_USER','https://www.thewrap.com/wp-content/uploads/2016/04/Avatar.jpg','Tancos2')
insert into user(email,password,enabled,role,avatar,name) values ('tancen.tancen.com','$2a$10$c/.qCnqvl7plMmDpIkn.tuT9BaNvEwdifDvK0naj.unS3FNL0d5.a',true,'ROLE_USER','http://www.gamechannel.hu/pictures/hirblock/avatarjatekon-dolgoznak-a-the-division-fejlesztoi_1.jpg','Tancos3')

insert into applicants_to_course (visited_courses_id,applicants_email) values (1,'asd.asd.com')
insert into applicants_to_course (visited_courses_id,applicants_email) values (1,'felh.felh.com')
insert into applicants_to_course (visited_courses_id,applicants_email) values (1,'tanc.tanc.com')
insert into applicants_to_course (visited_courses_id,applicants_email) values (1,'tancen.tancen.com')
insert into applicants_to_course (visited_courses_id,applicants_email) values (3,'felh.felh.com')
insert into applicants_to_course (visited_courses_id,applicants_email) values (3,'tanc.tanc.com')
insert into applicants_to_course (visited_courses_id,applicants_email) values (3,'tancen.tancen.com')
insert into applicants_to_course (visited_courses_id,applicants_email) values (2,'asd.asd.com')
insert into applicants_to_course (visited_courses_id,applicants_email) values (2,'felh.felh.com')
insert into applicants_to_course (visited_courses_id,applicants_email) values (2,'tanc.tanc.com')
insert into applicants_to_course (visited_courses_id,applicants_email) values (2,'tancen.tancen.com')
insert into applicants_to_course (visited_courses_id,applicants_email) values (2,'felh.felh.com')
insert into applicants_to_course (visited_courses_id,applicants_email) values (2,'tanc.tanc.com')
insert into applicants_to_course (visited_courses_id,applicants_email) values (2,'tancen.tancen.com')
insert into applicants_to_course (visited_courses_id,applicants_email) values (4,'asd.asd.com')
insert into applicants_to_course (visited_courses_id,applicants_email) values (4,'felh.felh.com')
insert into applicants_to_course (visited_courses_id,applicants_email) values (4,'tanc.tanc.com')
insert into applicants_to_course (visited_courses_id,applicants_email) values (5,'tancen.tancen.com')
insert into applicants_to_course (visited_courses_id,applicants_email) values (5,'felh.felh.com')
insert into applicants_to_course (visited_courses_id,applicants_email) values (6,'tanc.tanc.com')
insert into applicants_to_course (visited_courses_id,applicants_email) values (6,'tancen.tancen.com')
insert into applicants_to_course (visited_courses_id,applicants_email) values (7,'asd.asd.com')
insert into applicants_to_course (visited_courses_id,applicants_email) values (8,'felh.felh.com')
insert into applicants_to_course (visited_courses_id,applicants_email) values (8,'tanc.tanc.com')
insert into applicants_to_course (visited_courses_id,applicants_email) values (9,'tancen.tancen.com')
insert into applicants_to_course (visited_courses_id,applicants_email) values (9,'felh.felh.com')
insert into applicants_to_course (visited_courses_id,applicants_email) values (10,'tanc.tanc.com')
insert into applicants_to_course (visited_courses_id,applicants_email) values (11,'tancen.tancen.com')


insert into teachers_to_course (teached_courses_id,teachers_email) values (1,'asd.asd.com')
insert into teachers_to_course (teached_courses_id,teachers_email) values (2,'asd.asd.com')
insert into teachers_to_course (teached_courses_id,teachers_email) values (3,'asd.asd.com')
insert into teachers_to_course (teached_courses_id,teachers_email) values (4,'asd.asd.com')
insert into teachers_to_course (teached_courses_id,teachers_email) values (5,'asd.asd.com')
insert into teachers_to_course (teached_courses_id,teachers_email) values (6,'asd.asd.com')
insert into teachers_to_course (teached_courses_id,teachers_email) values (7,'asd.asd.com')
insert into teachers_to_course (teached_courses_id,teachers_email) values (8,'asd.asd.com')
insert into teachers_to_course (teached_courses_id,teachers_email) values (9,'asd.asd.com')
insert into teachers_to_course (teached_courses_id,teachers_email) values (10,'asd.asd.com')
insert into teachers_to_course (teached_courses_id,teachers_email) values (11,'asd.asd.com')
insert into teachers_to_course (teached_courses_id,teachers_email) values (12,'asd.asd.com')
insert into teachers_to_course (teached_courses_id,teachers_email) values (13,'asd.asd.com')
insert into teachers_to_course (teached_courses_id,teachers_email) values (14,'asd.asd.com')
insert into teachers_to_course (teached_courses_id,teachers_email) values (15,'asd.asd.com')